{
  "c02 Aqr": [
    347.361656,
    -21.172416
  ],
  "k02 Pup": [
    114.707793,
    -26.803847
  ],
  "10 UMa": [
    135.160306,
    41.783025
  ],
  "E Hya": [
    222.572118,
    -27.960361
  ],
  "G Sco": [
    267.464504,
    -37.043276
  ],
  "c Ori": [
    83.846519,
    -4.83835
  ],
  "c Per": [
    62.16539,
    47.712511
  ],
  "c Pup": [
    116.313734,
    -37.968585
  ],
  "c Vir": [
    185.087422,
    3.312571
  ],
  "d Cen": [
    202.761069,
    -39.407305
  ],
  "d Eri": [
    65.178475,
    -7.592496
  ],
  "e Eri": [
    49.981879,
    -43.069782
  ],
  "e Her": [
    259.417722,
    37.291506
  ],
  "e Leo": [
    172.578722,
    -3.0035
  ],
  "h UMa": [
    142.882117,
    63.06186
  ],
  "i Aql": [
    285.42012,
    -5.73909
  ],
  "i Dra": [
    207.857965,
    64.723281
  ],
  "i Vir": [
    201.679861,
    -12.707663
  ],
  "j Pup": [
    119.21476,
    -22.880112
  ],
  "k Hya": [
    215.774058,
    -27.754017
  ],
  "l Eri": [
    69.545098,
    -14.304028
  ],
  "l Hya": [
    217.043447,
    -29.491638
  ],
  "l Psc": [
    20.280721,
    28.738207
  ],
  "m Hya": [
    221.500333,
    -25.443177
  ],
  "n Cen": [
    193.359132,
    -40.178914
  ],
  "omi Vel": [
    130.073331,
    -52.92191
  ],
  "omi02 Cyg": [
    303.868018,
    47.714226
  ],
  "p Car": [
    158.006105,
    -61.685332
  ],
  "q Pup": [
    124.638804,
    -36.659289
  ],
  "q Vel": [
    153.683982,
    -42.121941
  ],
  "r Vel": [
    151.530043,
    -52.187939
  ],
  "ups Per": [
    24.498158,
    48.628212
  ],
  "v Eri": [
    61.078334,
    -15.725139
  ]
}